﻿<?xml version="1.0" encoding="utf-8"?>
<RuntimeConfiguration>
  <Mod ID="AchievementManager" UniqueID="AchievementManager-1.1-a334419d3979f1741b66b0a7d7335492" Version="1.1">
    <Button ID="menu">F5</Button>
  </Mod>
  <ExecuteOnGameStart ModID="AchievementManager">System.Void AchievementManager.main::AddMeToScene()</ExecuteOnGameStart>
  <ExecuteOnGameStart ModID="AchievementManager">System.Void AchievementManager.main::GetAchievements()</ExecuteOnGameStart>
  <Mod ID="LongClimbingRope" UniqueID="LongClimbingRope-1.0-b8f38df44b1a1583cd9802cdcc84fc0f" Version="1.0" />
  <Mod ID="Map" UniqueID="Map-0.3.13-85aeb52b68f391fa1ce273449f65d8ae" Version="0.3.13" HasResources="true">
    <Button ID="OpenMap">M</Button>
  </Mod>
  <ExecuteOnGameStart ModID="Map">System.Void Map.IngameMap::Init()</ExecuteOnGameStart>
  <Mod ID="UltimateCheatmenu" UniqueID="UltimateCheatmenu-1.20.2-ab8da4f5724d668c65f3f710a8427c62" Version="1.20.2">
    <Button ID="OpenMenu">V</Button>
    <Button ID="MassTree">X</Button>
    <Button ID="FreezeTime">F4</Button>
    <Button ID="InstaBuild">F</Button>
    <Button ID="FreeCam">F3</Button>
    <Button ID="InstaRepair">LeftShift+R</Button>
    <Button ID="Fly">F6</Button>
    <Button ID="Noclip">F7</Button>
    <Button ID="Respawn">T</Button>
    <Button ID="RespawnInfinite">LeftShift+T</Button>
  </Mod>
  <ExecuteOnGameStart ModID="UltimateCheatmenu">System.Void UltimateCheatmenu.UCheatmenu::AddMeToScene()</ExecuteOnGameStart>
  <ExecuteOnGameStart ModID="UltimateCheatmenu">System.Void UltimateCheatmenu.UCheatmenu::FindAnimals()</ExecuteOnGameStart>
  <ExecuteOnGameStart ModID="UltimateCheatmenu">System.Void UltimateCheatmenu.UCheatmenu::FindProps()</ExecuteOnGameStart>
  <ExecuteOnGameStart ModID="UltimateCheatmenu">System.Void UltimateCheatmenu.UCheatmenu::FindBolts()</ExecuteOnGameStart>
</RuntimeConfiguration>